Year,Game,Total Prize Money (Year),Number of Players,Number of Tournaments
2020,Counter-Strike: Global Offensive,"$15,937,064.57 ",2979,591
2020,Arena of Valor,"$9,500,997.45 ",255,13
2020,Dota 2,"$9,372,569.73 ",979,155
2020,Fortnite,"$8,876,401.39 ",1681,127
2020,League of Legends,"$8,466,911.57 ",1783,110
2020,Call of Duty: Modern Warfare,"$7,152,172.00 ",334,71
2020,PLAYERUNKNOWN'S BATTLEGROUNDS Mobile,"$6,492,507.95 ",594,18
2020,Overwatch,"$5,763,561.00 ",419,21
2020,Rainbow Six Siege,"$5,635,408.30 ",727,60
2020,PLAYERUNKNOWN’S BATTLEGROUNDS,"$5,101,127.92 ",1070,75
2020,Hearthstone,"$4,272,396.82 ",437,48
2020,Rocket League,"$3,971,705.52 ",841,293
2020,Call of Duty: Warzone,"$2,825,407.12 ",611,106
2020,VALORANT,"$2,370,199.71 ",2186,308
2020,Apex Legends,"$2,224,469.05 ",660,207
2020,StarCraft II,"$2,159,775.84 ",323,390
2020,FIFA 20,"$1,641,587.80 ",237,41
2020,Magic: The Gathering Arena,"$1,600,000.00 ",51,4
2020,Gears 5,"$1,223,000.00 ",143,16
2020,Clash of Clans,"$1,212,811.00 ",136,15
2020,chess24,"$1,184,696.09 ",61,10
2020,Lichess,"$1,140,686.93 ",287,64
2020,Brawl Stars,"$1,056,250.00 ",35,2
2020,Chess.com,"$790,281.92 ",441,91
2020,F1 2020,"$751,947.00 ",39,2
2020,CrossFire,"$718,986.52 ",75,6
2020,iRacing.com,"$674,078.65 ",449,36
2020,Free Fire,"$598,779.11 ",205,6
2020,Brawlhalla,"$594,841.60 ",288,104
2020,WarCraft III: Reforged,"$556,203.44 ",83,114
2020,FIFA Online 4,"$404,120.00 ",56,5
2020,Paladins,"$393,630.97 ",166,18
2020,Age of Empires II,"$381,838.20 ",414,218
2020,Teamfight Tactics,"$370,029.00 ",39,4
2020,Super Smash Bros. Ultimate,"$308,808.36 ",599,280
2020,Quake Champions,"$302,899.03 ",40,9
2020,Hyper Scape,"$299,000.00 ",260,4
2020,Minecraft,"$294,700.00 ",60,4
2020,Fall Guys,"$284,273.83 ",240,5
2020,Call of Duty: Black Ops Cold War,"$253,000.00 ",107,13
2020,StarCraft: Brood War,"$246,095.94 ",106,64
2020,Assetto Corsa,"$235,634.41 ",120,31
2020,Clash Royale,"$224,600.00 ",51,5
2020,Hearthstone Battlegrounds,"$203,630.00 ",40,4
2020,NASCAR Heat 4,"$200,500.00 ",34,5
2020,Forza Motorsport 7,"$199,000.00 ",64,3
2020,Farming Simulator 19,"$189,253.45 ",66,6
2020,Gwent,"$186,720.00 ",22,5
2020,Mortal Kombat 11,"$182,259.57 ",77,7
2020,Street Fighter V: Champion Edition,"$173,410.22 ",52,48
2020,rFactor 2,"$163,457.06 ",87,24
2020,Super Smash Bros. Melee,"$157,502.23 ",112,26
2020,Tekken 7,"$156,917.56 ",88,43
2020,Legends of Runeterra,"$118,481.03 ",30,5
2020,Escape from Tarkov,"$114,600.00 ",150,4
2020,Granblue Fantasy: Versus,"$106,280.94 ",45,43
2020,Diabotical,"$103,859.92 ",239,78
2020,Rocket Arena,"$100,000.00 ",24,3
2020,Dragon Ball FighterZ,"$94,116.31 ",73,38
2020,RaceRoom Racing Experience,"$79,035.00 ",38,9
2020,WarCraft III,"$72,425.80 ",18,8
2020,Among Us,"$66,000.00 ",10,6
2020,Auto Chess,"$60,098.00 ",42,2
2020,Trackmania (2020),"$59,918.61 ",99,59
2020,Multigaming,"$59,109.70 ",8,1
2020,Halo: Reach,"$50,000.00 ",32,1
2020,Rogue Company,"$50,000.00 ",48,2
2020,Spellbreak,"$50,000.00 ",42,1
2020,Dead By Daylight,"$45,000.00 ",30,6
2020,TrackMania 2: Stadium,"$40,160.09 ",202,86
2020,F1 2019,"$38,047.38 ",3,1
2020,Zwift,"$33,827.08 ",6,2
2020,Playchess.com,"$32,866.58 ",116,9
2020,Identity V,"$31,911.10 ",6,1
2020,Call of Duty: Black Ops 4,"$30,000.00 ",14,2
2020,Soul Calibur VI,"$27,582.77 ",41,26
2020,Rivals of Aether,"$20,833.62 ",27,8
2020,Street Fighter V: Arcade Edition,"$20,286.12 ",19,3
2020,UNO,"$20,000.00 ",16,2
2020,Shadowverse,"$19,700.00 ",35,5
2020,BlazBlue: Cross Tag Battle,"$14,026.79 ",34,6
2020,Samurai Shodown (2019),"$13,223.40 ",23,5
2020,Prophecy,"$13,000.00 ",27,4
2020,Call of Duty: Black Ops 2,"$12,000.00 ",4,1
2020,Age of Empires,"$11,954.00 ",50,1
2020,Team Fortress 2,"$11,403.92 ",166,7
2020,Tetris,"$10,926.38 ",23,4
2020,osu!,"$10,890.00 ",303,4
2020,Dirt Rally 2.0,"$10,000.00 ",5,2
2020,Internet Chess Club,"$10,000.00 ",6,1
2020,Old School Runescape,"$9,004.20 ",14,2
2020,Age of Empires III,"$8,123.00 ",64,10
2020,Guilty Gear Xrd REV 2,"$7,134.00 ",19,6
2020,Heroes of the Storm,"$6,745.00 ",33,4
2020,Under Night In-Birth EXE: Late[st],"$6,036.89 ",21,4
2020,Assetto Corsa Competizione,"$5,338.00 ",10,13
2020,Ultimate Marvel vs. Capcom 3,"$4,786.90 ",13,5
2020,QuakeWorld,"$4,168.00 ",6,1
2020,Fantasy Strike,"$3,860.00 ",18,3
2020,Melty Blood: Actress Again Current Code,"$3,784.93 ",34,10
2020,Unreal Tournament (2016),"$3,698.92 ",65,3
2020,Guilty Gear XX Accent Core Plus R,"$3,576.91 ",18,5
2020,Dota Underlords,"$3,388.50 ",12,7
2020,Xonotic,"$3,340.39 ",63,13
2020,Gran Turismo Sport,"$3,331.00 ",59,3
2020,BlazBlue: Central Fiction,"$3,296.84 ",11,6
2020,Tetr.io,"$2,992.61 ",19,11
2020,Pokkén Tournament DX,"$2,936.43 ",9,4
2020,Lethal League Blaze,"$2,910.02 ",16,4
2020,Call of Duty: Modern Warfare 2,"$2,500.00 ",4,1
2020,Nascar Heat 5,"$2,500.00 ",10,1
2020,Doom II: Hell on Earth,"$2,480.00 ",7,3
2020,Live for Speed,"$2,380.00 ",6,1
2020,Skullgirls 2nd Encore,"$1,984.50 ",14,3
2020,Mystery Game Tournament,"$1,920.00 ",8,1
2020,Touhou Hisoutensoku ~ Choudokyuu Ginyoru no Nazo o Oe,"$1,819.61 ",17,4
2020,Puyo Puyo Tetris,"$1,805.09 ",12,9
2020,Vampire Savior,"$1,667.21 ",9,4
2020,Super Smash Bros.,"$1,547.18 ",23,6
2020,Eternal Fighter Zero,"$1,311.60 ",7,2
2020,Mario Kart 8 Deluxe,"$1,305.00 ",24,2
2020,King of Fighters XIV,"$1,270.00 ",8,3
2020,Splatoon 2,"$1,270.00 ",13,1
2020,Age of Empires Online,"$1,246.56 ",9,3
2020,Artifact Classic,"$1,229.85 ",29,20
2020,Under Night In-Birth Exe:Late[cl-r],"$1,108.00 ",10,3
2020,Windjammers,"$1,040.00 ",13,3
2020,Street Fighter III: 3rd Strike,$980.00 ,11,2
2020,Tatsunoko vs. Capcom: Ultimate All-Stars,$914.66 ,5,7
2020,Rushdown Revolt,$850.00 ,9,4
2020,Star Wars: Squadrons,$800.00 ,4,1
2020,ARMS,$789.17 ,17,4
2020,Super Smash Bros. Brawl,$770.00 ,11,3
2020,Artifact Foundry,$752.00 ,21,7
2020,Power Rangers: Battle for the Grid,$640.00 ,8,3
2020,Super Street Fighter II Turbo,$590.00 ,6,2
2020,Fight of Animals,$580.68 ,7,3
2020,Marvel vs. Capcom: Infinite,$544.60 ,4,2
2020,NBA 2K21,$501.00 ,3,1
2020,SLAYERS FOR HIRE,$500.00 ,8,1
2020,Super Smash Bros. for Wii U,$490.00 ,3,1
2020,King of Fighters XIII,$480.00 ,3,1
2020,Beat Aim,$430.00 ,12,6
2020,Puyo Puyo Champions,$410.50 ,5,2
2020,Dead or Alive 6,$410.00 ,6,2
2020,Them's Fightin' Herds,$390.00 ,8,3
2020,King of Fighters 2002 Unlimited Match,$380.00 ,3,1
2020,Garou: Mark of the Wolves,$325.00 ,6,2
2020,Sailor Moon S,$320.00 ,6,2
2020,Dengeki Bunko: Fighting Climax Ignition,$305.50 ,9,3
2020,Punch Planet,$300.00 ,3,1
2020,Slap City,$300.00 ,3,1
2020,Smash Remix,$299.06 ,4,1
2020,JoJo's Bizarre Adventure: Heritage for the Future,$284.99 ,5,2
2020,Duck Game,$250.00 ,3,1
2020,Capcom vs. SNK 2,$240.00 ,3,1
2020,Samurai Shodown V Special,$230.46 ,5,2
2020,Jstris,$225.00 ,8,1
2020,Kirby Fighters 2,$222.86 ,4,1
2020,Kill la Kill the Game: IF,$220.00 ,6,2
2020,Maiden & Spell,$200.00 ,3,1
2020,Naruto: Gekitou Ninja Taisen! 4,$200.00 ,3,1
2020,ShootMania Storm,$193.05 ,15,2
2020,Cultris II,$190.95 ,3,1
2020,Warparty,$175.00 ,4,1
2020,Def Jam: Fight for NY,$170.00 ,3,1
2020,Magical Drop III,$130.00 ,3,1
2020,Trackmania Turbo,$112.50 ,3,1
2020,Pokémon VGC,$102.00 ,3,1
2020,Acceleration of SUGURI 2,$100.00 ,3,1
2020,Schwarzerblitz,$100.00 ,3,1
2020,Twinkle Star Sprites,$100.00 ,3,1
2020,Catherine,$75.00 ,3,1
2020,Digimon Rumble Arena,$70.00 ,3,1
2020,Pocket Rumble,$60.00 ,3,1
2020,TrackMania Nations Forever,$56.30 ,3,1
2020,Arcana Heart 3: Love Max Six Stars!!!!!,$50.00 ,3,1
2020,HYPERFIGHT,$50.00 ,3,1
2020,Killer Instinct (2013),$50.00 ,3,1
2020,Koihime Enbu,$50.00 ,3,1
2020,Power Instinct: Matrimelee,$50.00 ,3,1
2020,Roof Rage,$50.00 ,3,1
2020,Shrek SuperSlam,$50.00 ,3,1
2020,Speedrunners,$50.00 ,3,1
2020,Umineko: Golden Fantasia,$50.00 ,3,1
2020,Panel Attack,$40.00 ,3,1
2020,Ultra Street Fighter IV,$40.00 ,6,2
2020,Samurai Shodown III,$30.00 ,3,1
2020,Akatsuki Blitzkampf,$20.00 ,3,1
2020,Project Plus,$20.00 ,3,1
2020,The Last Blade 2,$20.00 ,3,1
2020,Breakers Revenge,$16.00 ,3,1
2020,Asuka 120% LimitOver BURNING Fest.,$10.00 ,3,1
2020,Fighting EX Layer,$10.00 ,3,1
2020,Mario Tennis Aces,$10.00 ,3,1
2020,Marvel vs. Capcom 2,$10.00 ,3,1
2020,Million Arthur: Arcana Blood,$10.00 ,3,1
2019,Fortnite,"$72,800,079.01 ",3008,400
2019,Dota 2,"$47,043,520.56 ",1335,224
2019,Counter-Strike: Global Offensive,"$22,204,398.24 ",3914,935
2019,PLAYERUNKNOWN’S BATTLEGROUNDS,"$11,327,221.08 ",1429,114
2019,League of Legends,"$9,608,549.84 ",2117,206
2019,Overwatch,"$9,587,036.77 ",1226,58
2019,Arena of Valor,"$7,821,265.46 ",264,19
2019,Call of Duty: Black Ops 4,"$6,383,189.00 ",339,31
2019,Rainbow Six Siege,"$5,066,166.82 ",1039,105
2019,Hearthstone,"$4,772,553.17 ",507,43
2019,Magic: The Gathering Arena,"$4,402,000.00 ",219,33
2019,PLAYERUNKNOWN'S BATTLEGROUNDS Mobile,"$3,181,637.99 ",837,25
2019,StarCraft II,"$3,127,002.59 ",394,366
2019,Rocket League,"$3,092,910.98 ",468,181
2019,Apex Legends,"$2,861,382.64 ",683,80
2019,FIFA 19,"$2,690,910.99 ",247,29
2019,Shadowverse,"$1,761,477.09 ",184,35
2019,Clash of Clans,"$1,420,525.00 ",87,20
2019,Auto Chess,"$1,076,322.28 ",72,6
2019,Clash Royale,"$1,047,130.00 ",112,10
2019,Super Smash Bros. Ultimate,"$1,046,754.97 ",1628,964
2019,CrossFire,"$1,014,147.75 ",94,11
2019,Street Fighter V: Arcade Edition,"$845,119.16 ",153,50
2019,Tekken 7,"$769,730.43 ",267,98
2019,Free Fire,"$707,613.12 ",168,9
2019,Gears 5,"$560,000.00 ",95,6
2019,Paladins,"$550,000.00 ",101,6
2019,Brawlhalla,"$523,239.00 ",209,125
2019,F1 2019,"$500,000.00 ",22,1
2019,Gears of War 4,"$500,000.00 ",61,2
2019,FIFA 20,"$476,358.96 ",139,21
2019,TEPPEN,"$456,721.47 ",12,1
2019,World of WarCraft,"$450,000.00 ",52,4
2019,Teamfight Tactics,"$449,284.65 ",133,11
2019,FIFA Online 4,"$437,000.00 ",58,2
2019,iRacing.com,"$399,642.94 ",256,23
2019,WarCraft III,"$392,576.52 ",67,40
2019,Forza Motorsport 7,"$366,200.00 ",74,5
2019,Call of Duty: Modern Warfare,"$348,612.50 ",78,10
2019,Halo 3,"$335,200.00 ",66,9
2019,Heroes of the Storm,"$316,914.92 ",179,29
2019,StarCraft: Brood War,"$309,596.26 ",71,67
2019,Mortal Kombat 11,"$309,234.68 ",161,37
2019,Call of Duty: Blackout,"$296,608.35 ",152,12
2019,Brawl Stars,"$288,700.00 ",57,10
2019,Super Smash Bros. Melee,"$229,730.22 ",386,122
2019,Pro Evolution Soccer 2019,"$216,000.00 ",25,2
2019,Magic: The Gathering Online,"$200,000.00 ",24,1
2019,Age of Empires II,"$138,019.31 ",197,144
2019,Minecraft,"$130,000.00 ",17,13
2019,Battalion 1944,"$124,078.05 ",83,21
2019,Dragon Ball FighterZ,"$124,052.77 ",108,42
2019,Assetto Corsa,"$110,003.30 ",47,21
2019,Farming Simulator 19,"$106,133.10 ",72,8
2019,Madden NFL 19,"$100,000.00 ",5,2
2019,Sea of Thieves,"$100,000.00 ",67,4
2019,Chess.com,"$99,858.11 ",140,22
2019,Old School Runescape,"$97,000.00 ",7,4
2019,rFactor 2,"$95,118.59 ",139,21
2019,Multigaming,"$89,274.63 ",15,2
2019,Soul Calibur VI,"$86,074.21 ",83,30
2019,Big Buck Hunter Arcade,"$76,200.00 ",3,1
2019,Dead or Alive 6,"$72,206.54 ",62,18
2019,Quake Champions,"$72,186.51 ",31,6
2019,Ring of Elysium,"$70,000.00 ",9,4
2019,Artifact Classic,"$69,272.34 ",194,117
2019,Guns of Boom,"$64,800.00 ",8,7
2019,Samurai Shodown (2019),"$64,499.91 ",54,14
2019,BlazBlue: Cross Tag Battle,"$62,376.70 ",75,23
2019,Guilty Gear Xrd REV 2,"$61,006.37 ",73,25
2019,Stardew Valley,"$54,250.00 ",56,2
2019,TrackMania 2: Stadium,"$54,050.30 ",123,84
2019,RaceRoom Racing Experience,"$53,160.00 ",54,8
2019,Asphalt 9: Legends,"$51,520.00 ",5,2
2019,Borderlands 3,"$50,000.00 ",16,1
2019,Halo: Reach,"$50,000.00 ",16,1
2019,Splitgate: Arena Warfare,"$50,000.00 ",64,2
2019,WWE 2K20,"$50,000.00 ",20,2
2019,BlazBlue: Central Fiction,"$39,752.85 ",35,8
2019,Team Fortress 2,"$37,432.94 ",289,14
2019,Under Night In-Birth EXE: Late[st],"$32,610.17 ",69,18
2019,Project Cars 2,"$32,400.00 ",32,20
2019,King of Fighters XIV,"$32,365.70 ",30,10
2019,The Division 2,"$27,250.00 ",40,2
2019,Gwent,"$25,000.00 ",8,1
2019,Dota Underlords,"$22,635.68 ",56,29
2019,NHL 19,"$19,700.00 ",6,6
2019,Sekiro: Shadows Die Twice,"$19,596.00 ",20,1
2019,osu!,"$16,910.00 ",302,8
2019,Mordhau,"$16,623.00 ",40,3
2019,Dead By Daylight,"$15,000.00 ",15,3
2019,Street Fighter V,"$15,000.00 ",8,1
2019,Gran Turismo Sport,"$14,100.00 ",19,3
2019,Lichess,"$13,600.00 ",38,23
2019,Age of Empires,"$10,960.00 ",23,11
2019,Tetris,"$10,000.00 ",16,1
2019,Age of Empires III,"$9,035.00 ",28,30
2019,Pokkén Tournament DX,"$8,218.57 ",26,10
2019,Project M,"$8,117.61 ",43,13
2019,King of Fighters 98,"$7,945.57 ",7,3
2019,Million Arthur: Arcana Blood,"$7,530.00 ",9,3
2019,Skullgirls 2nd Encore,"$6,110.00 ",10,3
2019,Super Smash Bros. for Wii U,"$5,840.00 ",12,2
2019,Super Smash Bros.,"$4,662.20 ",25,4
2019,Mystery Game Tournament,"$4,035.00 ",26,3
2019,Black Squad,"$4,010.43 ",20,2
2019,Street Fighter III: 3rd Strike,"$3,455.42 ",23,6
2019,Rivals of Aether,"$3,435.00 ",15,5
2019,Wolfenstein: Enemy Territory,"$3,305.09 ",18,2
2019,Super Street Fighter II Turbo,"$3,146.51 ",26,8
2019,Super Smash Bros. Brawl,"$2,706.00 ",19,4
2019,Vampire Savior,"$2,680.00 ",13,5
2019,Melty Blood: Actress Again Current Code,"$2,605.00 ",17,5
2019,Naruto Shippuden: Ultimate Ninja Storm 4,"$2,550.00 ",7,3
2019,Windjammers,"$2,466.75 ",16,4
2019,Lethal League Blaze,"$2,422.50 ",16,6
2019,Puyo Puyo Champions,"$2,071.80 ",9,3
2019,Marvel vs. Capcom: Infinite,"$2,010.00 ",13,5
2019,ARMS,"$1,970.86 ",32,13
2019,Ultimate Marvel vs. Capcom 3,"$1,778.47 ",15,7
2019,Ultra Street Fighter IV,"$1,705.61 ",15,5
2019,Injustice 2,"$1,610.00 ",12,4
2019,Killer Instinct (2013),"$1,500.00 ",11,3
2019,Dengeki Bunko: Fighting Climax Ignition,"$1,395.00 ",13,4
2019,Sailor Moon S,"$1,315.13 ",10,6
2019,Guilty Gear XX Accent Core Plus R,"$1,220.00 ",6,3
2019,Doom II: Hell on Earth,"$1,200.00 ",1,1
2019,Quake II,"$1,200.00 ",1,1
2019,QuakeWorld,"$1,200.00 ",1,1
2019,Power Rangers: Battle for the Grid,"$1,150.00 ",7,3
2019,Counter-Strike: Source,"$1,000.00 ",3,1
2019,Virtua Fighter 5: Ultimate Showdown,"$1,000.00 ",5,1
2019,Warparty,"$1,000.00 ",4,1
2019,Puyo Puyo Tetris,$911.08 ,14,4
2019,Teenage Mutant Ninja Turtles: Tournament Fighters,$820.00 ,7,2
2019,Street Fighter Alpha 2,$800.00 ,8,4
2019,Capcom vs. SNK 2,$790.00 ,7,3
2019,Soul Calibur II,$780.00 ,8,3
2019,Kill la Kill the Game: IF,$700.00 ,6,2
2019,Company of Heroes 2,$605.00 ,3,4
2019,Koihime Enbu,$585.00 ,6,2
2019,Persona 4 Arena Ultimax,$560.00 ,6,2
2019,Mortal Kombat X,$480.00 ,3,1
2019,Tatsunoko vs. Capcom: Ultimate All-Stars,$470.00 ,5,2
2019,Marvel vs. Capcom 2,$420.00 ,3,1
2019,Fighting EX Layer,$372.96 ,6,2
2019,TrackMania 2: Canyon,$337.68 ,3,1
2019,Ultra Fight Da! Kyanta 2,$320.00 ,3,1
2019,Samurai Shodown V Special,$251.40 ,6,2
2019,Street Fighter X Tekken,$250.00 ,3,1
2019,Mario Kart 8 Deluxe,$229.44 ,3,1
2019,Garou: Mark of the Wolves,$225.00 ,3,1
2019,GRID (2019),$218.75 ,3,1
2019,ShootMania Storm,$210.60 ,12,1
2019,Acceleration of SUGURI 2,$210.00 ,3,1
2019,Tekken 5: Dark Resurrection,$210.00 ,4,1
2019,Fighter's History Dynamite,$195.00 ,3,1
2019,Street Fighter EX2 Plus,$190.00 ,3,1
2019,Them's Fightin' Herds,$190.00 ,3,1
2019,Catherine: Full Body,$185.00 ,3,1
2019,Catherine,$180.00 ,3,1
2019,Project Justice,$165.00 ,3,1
2019,Virtua Fighter 5 Final Showdown,$160.00 ,4,1
2019,Age of Empires Online,$154.00 ,4,2
2019,Nitroplus Blasterz: Heroines Infinite Duel,$150.00 ,3,1
2019,Hokuto no Ken,$145.00 ,3,1
2019,Mortal Kombat XL,$140.00 ,2,1
2019,Arcana Heart 3: Love Max Six Stars!!!!!,$110.00 ,3,1
2019,Umineko: Golden Fantasia,$90.00 ,3,1
2019,Aquapazza: Aquaplus Dream Match,$85.00 ,3,1
2019,Virtua Fighter 5,$80.00 ,1,1
2019,Shovel Knight Showdown,$60.00 ,3,1
2019,Mario Tennis Aces,$51.30 ,3,1
2019,Street Fighter Alpha 3,$40.00 ,1,1
2019,Hand of the Gods,$34.20 ,1,1
2019,Guilty Gear,$32.00 ,3,1
2019,Xonotic,$22.82 ,15,2
2019,Yu-Gi-Oh! Duel Links,$20.00 ,1,1
2018,Dota 2,"$41,457,368.99 ",1152,174
2018,Counter-Strike: Global Offensive,"$23,320,449.03 ",4675,1020
2018,Fortnite,"$19,880,337.00 ",1445,176
2018,League of Legends,"$14,590,522.32 ",1931,188
2018,PLAYERUNKNOWN’S BATTLEGROUNDS,"$8,332,616.32 ",1508,124
2018,Overwatch,"$6,615,791.65 ",1548,120
2018,Heroes of the Storm,"$5,277,279.76 ",368,34
2018,Arena of Valor,"$5,190,956.76 ",312,21
2018,Hearthstone,"$4,717,852.27 ",836,132
2018,Call of Duty: World War II,"$4,287,916.69 ",247,41
2018,StarCraft II,"$4,025,580.65 ",365,450
2018,Rocket League,"$2,378,405.42 ",436,175
2018,FIFA 18,"$2,189,152.14 ",223,40
2018,Rainbow Six Siege,"$2,015,095.36 ",597,70
2018,Halo 5: Guardians,"$1,873,750.00 ",101,18
2018,Street Fighter V: Arcade Edition,"$1,399,580.67 ",141,51
2018,Shadowverse,"$1,310,000.00 ",24,1
2018,SMITE,"$1,183,500.00 ",143,11
2018,CrossFire,"$1,074,640.06 ",150,26
2018,Gears of War 4,"$1,022,000.00 ",93,7
2018,NBA 2K18,"$1,000,000.00 ",91,4
2018,Clash Royale,"$986,262.37 ",150,19
2018,Paladins,"$899,100.00 ",344,22
2018,World of WarCraft,"$740,000.00 ",124,27
2018,Quake Champions,"$651,250.40 ",136,154
2018,PLAYERUNKNOWN'S BATTLEGROUNDS Mobile,"$617,069.08 ",114,6
2018,FIFA 19,"$551,731.35 ",130,19
2018,Attack on Titan Tribute Game,"$494,250.00 ",64,15
2018,Gwent,"$441,568.19 ",54,15
2018,StarCraft: Brood War,"$434,890.36 ",83,33
2018,Super Smash Bros. Melee,"$365,222.84 ",296,113
2018,Tekken 7,"$339,255.91 ",126,57
2018,Call of Duty: Black Ops 4,"$321,249.95 ",135,36
2018,Call of Duty: Blackout,"$315,000.00 ",36,6
2018,Brawlhalla,"$297,604.70 ",196,98
2018,Super Smash Bros. for Wii U,"$277,984.69 ",406,190
2018,Realm Royale,"$263,000.00 ",47,9
2018,Madden NFL 2018,"$259,000.00 ",32,1
2018,Forza Motorsport 7,"$255,000.00 ",30,4
2018,Pro Evolution Soccer 2018,"$250,000.00 ",20,3
2018,FIFA Online 4,"$240,000.00 ",37,1
2018,FIFA Online 3,"$237,112.50 ",36,1
2018,F1 2018,"$200,000.00 ",21,1
2018,Magic: The Gathering Online,"$200,000.00 ",23,1
2018,WarCraft III,"$176,129.87 ",70,117
2018,Injustice 2,"$160,648.23 ",37,13
2018,Old School Runescape,"$156,500.00 ",20,5
2018,iRacing.com,"$143,340.30 ",191,18
2018,Guns of Boom,"$133,950.00 ",4,14
2018,Dragon Ball FighterZ,"$132,741.37 ",79,30
2018,Chess.com,"$120,424.01 ",73,14
2018,Radical Heights,"$120,000.00 ",12,2
2018,Warface,"$109,555.00 ",32,2
2018,NHL 18,"$102,700.00 ",20,6
2018,Creative Destruction,"$100,000.00 ",8,1
2018,Zula,"$100,000.00 ",20,1
2018,Point Blank,"$99,000.00 ",10,1
2018,Pokémon VGC,"$98,500.00 ",112,15
2018,Team Fortress 2,"$92,841.73 ",286,21
2018,Battalion 1944,"$78,576.62 ",53,7
2018,H1Z1,"$75,000.00 ",20,1
2018,Super Smash Bros. Ultimate,"$74,587.45 ",271,63
2018,Age of Empires II,"$70,774.33 ",125,98
2018,Heroes of Newerth,"$64,039.12 ",15,1
2018,Hand of the Gods,"$50,000.00 ",13,1
2018,Artifact Classic,"$48,666.35 ",93,29
2018,Age of Empires,"$41,426.72 ",84,21
2018,Yu-Gi-Oh! Duel Links,"$35,372.28 ",234,133
2018,Project Cars 2,"$33,750.00 ",10,2
2018,World of Tanks Blitz,"$33,330.00 ",0,5
2018,Battlerite,"$28,750.00 ",29,2
2018,RaceRoom Racing Experience,"$27,768.70 ",91,5
2018,TrackMania 2: Stadium,"$26,329.28 ",82,39
2018,Madden NFL 19,"$25,000.00 ",1,1
2018,Guilty Gear Xrd REV 2,"$22,557.64 ",45,13
2018,BlazBlue: Cross Tag Battle,"$19,463.33 ",38,9
2018,Killer Instinct (2013),"$17,770.00 ",14,4
2018,Lichess,"$15,325.00 ",19,10
2018,Assetto Corsa,"$15,000.00 ",8,1
2018,ARMS,"$13,297.14 ",71,56
2018,Project M,"$13,056.56 ",77,24
2018,Under Night In-Birth EXE: Late[st],"$11,646.27 ",39,10
2018,Super Smash Bros.,"$10,747.76 ",58,14
2018,King of Fighters XIV,"$10,469.23 ",21,6
2018,Battlefield 4,"$10,275.45 ",38,2
2018,osu!,"$10,117.00 ",311,7
2018,Gran Turismo Sport,"$10,080.00 ",10,1
2018,Magic: The Gathering Arena,"$10,000.00 ",16,1
2018,Soul Calibur VI,"$9,891.00 ",19,6
2018,BlazBlue: Central Fiction,"$7,523.06 ",33,8
2018,rFactor 2,"$7,385.26 ",36,5
2018,Marvel vs. Capcom: Infinite,"$5,952.12 ",28,9
2018,Splatoon 2,"$5,360.00 ",0,3
2018,Minecraft,"$4,839.15 ",10,3
2018,Black Squad,"$4,470.29 ",52,15
2018,Company of Heroes 2,"$4,400.00 ",8,1
2018,Mortal Kombat XL,"$4,120.00 ",11,2
2018,Faeria,"$4,100.00 ",12,5
2018,Super Smash Bros. Brawl,"$3,613.19 ",23,9
2018,Age of Empires III,"$3,550.00 ",20,14
2018,Mortal Kombat 9,"$3,260.00 ",8,1
2018,Pokkén Tournament DX,"$3,181.40 ",16,8
2018,Super Street Fighter II Turbo,"$2,947.53 ",23,7
2018,NHL 19,"$2,866.67 ",5,2
2018,Skullgirls 2nd Encore,"$2,801.00 ",8,3
2018,Mystery Game Tournament,"$2,560.00 ",15,2
2018,Critical Ops,"$2,500.00 ",0,1
2018,Vampire Savior,"$2,170.00 ",12,4
2018,Street Fighter III: 3rd Strike,"$1,950.00 ",16,4
2018,Sailor Moon S,"$1,646.06 ",10,4
2018,Melty Blood: Actress Again Current Code,"$1,630.00 ",15,4
2018,Tetris,"$1,500.00 ",2,1
2018,Age of Empires Online,"$1,448.00 ",8,3
2018,Fighting EX Layer,"$1,260.00 ",9,4
2018,Ultimate Marvel vs. Capcom 3,"$1,160.00 ",5,2
2018,QuakeWorld,"$1,042.22 ",9,3
2018,Guilty Gear XX Accent Core Plus R,$930.00 ,8,3
2018,Halo 3,$800.00 ,12,1
2018,Ultra Street Fighter IV,$680.81 ,9,3
2018,Street Fighter Alpha 2,$680.00 ,8,3
2018,Windjammers,$665.41 ,7,3
2018,Koihime Enbu,$590.00 ,3,1
2018,Quake Live,$500.00 ,2,1
2018,Street Fighter X Tekken,$500.00 ,5,2
2018,Puyo Puyo Tetris,$466.67 ,6,2
2018,Catherine,$450.00 ,5,2
2018,Dengeki Bunko: Fighting Climax Ignition,$450.00 ,11,2
2018,SNK Heroines: Tag Team Frenzy,$430.00 ,3,1
2018,Arcana Heart 3: Love Max Six Stars!!!!!,$410.00 ,6,2
2018,Quake II,$379.50 ,2,1
2018,TrackMania 2: Canyon,$369.60 ,3,1
2018,Street Fighter Alpha 3,$300.00 ,3,1
2018,Xonotic,$277.75 ,39,3
2018,Divekick,$250.00 ,3,1
2018,Dead or Alive 5: Last Round,$240.00 ,3,1
2018,TrackMania Nations Forever,$235.20 ,3,1
2018,Tatsunoko vs. Capcom: Ultimate All-Stars,$230.00 ,3,1
2018,Mario Kart 8 Deluxe,$220.00 ,4,1
2018,Super Mario Party,$220.00 ,4,1
2018,Warsow,$183.00 ,2,1
2018,Reflex,$163.66 ,12,3
2018,Age of Mythology,$160.00 ,3,1
2018,Street Fighter EX2 Plus,$160.00 ,3,1
2018,Capcom vs. SNK 2,$150.00 ,3,1
2018,Persona 4 Arena Ultimax,$120.00 ,3,1
2018,Garou: Mark of the Wolves,$108.71 ,4,1
2018,Samurai Shodown V Special,$108.71 ,4,1
2018,Soul Calibur II HD Online,$85.41 ,4,1
2018,Soul Calibur V,$77.64 ,4,1
2018,Lethal League Blaze,$11.40 ,1,1
2017,Dota 2,"$38,074,599.32 ",1061,167
2017,Counter-Strike: Global Offensive,"$19,279,544.51 ",4804,906
2017,League of Legends,"$12,233,319.22 ",1937,189
2017,Heroes of the Storm,"$5,444,449.54 ",441,41
2017,Call of Duty: Infinite Warfare,"$4,031,184.07 ",322,76
2017,Overwatch,"$3,488,230.10 ",1595,284
2017,Hearthstone,"$3,476,623.09 ",678,122
2017,StarCraft II,"$3,413,355.85 ",380,649
2017,Halo 5: Guardians,"$1,748,000.00 ",99,14
2017,SMITE,"$1,567,900.00 ",143,8
2017,H1Z1,"$1,551,550.00 ",88,8
2017,CrossFire,"$1,519,054.74 ",169,36
2017,Rocket League,"$1,511,301.01 ",413,348
2017,Quake Champions,"$1,482,852.31 ",166,72
2017,FIFA 17,"$1,452,306.64 ",130,44
2017,Street Fighter V,"$1,317,769.55 ",160,58
2017,Gears of War 4,"$1,064,000.00 ",88,16
2017,PLAYERUNKNOWN’S BATTLEGROUNDS,"$1,007,803.60 ",193,14
2017,rFactor 2,"$1,004,694.66 ",60,2
2017,Rainbow Six Siege,"$994,557.28 ",369,32
2017,Madden NFL 2017,"$904,000.00 ",39,4
2017,Clash Royale,"$876,496.34 ",80,10
2017,World of WarCraft,"$726,000.00 ",115,17
2017,Arena of Valor,"$716,852.00 ",116,7
2017,World of Tanks,"$700,000.00 ",98,3
2017,Injustice 2,"$675,188.93 ",53,21
2017,Super Smash Bros. Melee,"$631,757.73 ",456,298
2017,Super Smash Bros. for Wii U,"$515,726.43 ",460,248
2017,Pro Evolution Soccer 2017,"$510,000.00 ",16,5
2017,Paladins,"$407,826.63 ",237,28
2017,Attack on Titan Tribute Game,"$380,000.00 ",43,13
2017,StarCraft: Brood War,"$369,062.94 ",85,56
2017,FIFA Online 3,"$342,023.00 ",46,2
2017,Tekken 7,"$328,181.63 ",114,38
2017,Gwent,"$302,988.98 ",274,91
2017,Call of Duty: World War II,"$272,354.31 ",72,24
2017,WarCraft III,"$242,954.20 ",96,198
2017,Vainglory,"$179,400.00 ",101,10
2017,Brawlhalla,"$170,667.70 ",157,60
2017,Blade & Soul,"$149,772.00 ",24,1
2017,Forza Motorsport 6,"$132,750.00 ",28,2
2017,Old School Runescape,"$122,000.00 ",37,8
2017,Point Blank,"$121,570.00 ",78,4
2017,Shadowverse,"$120,000.00 ",24,1
2017,Heroes of Newerth,"$117,046.61 ",20,2
2017,Magic: The Gathering Online,"$116,000.00 ",16,1
2017,Pokémon VGC,"$113,000.00 ",83,9
2017,Age of Empires II,"$98,855.43 ",199,54
2017,Team Fortress 2,"$82,893.73 ",202,20
2017,KartRider,"$76,160.35 ",33,2
2017,Marvel vs. Capcom: Infinite,"$67,750.00 ",32,6
2017,iRacing.com,"$50,889.99 ",144,10
2017,FIFA 18,"$44,545.55 ",31,8
2017,Hand of the Gods,"$44,400.00 ",44,34
2017,Killer Instinct (2013),"$44,040.00 ",40,8
2017,Pokkén Tournament,"$36,635.00 ",35,15
2017,Project Cars,"$32,384.21 ",26,27
2017,Guilty Gear Xrd REV 2,"$30,360.00 ",37,11
2017,World of Tanks Blitz,"$30,000.00 ",14,1
2017,BlazBlue: Central Fiction,"$28,760.00 ",46,16
2017,Age of Empires,"$27,588.21 ",65,14
2017,Project M,"$25,890.48 ",102,22
2017,King of Fighters XIV,"$24,978.67 ",54,16
2017,Mortal Kombat XL,"$24,002.40 ",29,7
2017,Battlerite,"$23,541.71 ",42,35
2017,Chess.com,"$22,704.95 ",65,17
2017,Madden NFL 2018,"$20,676.62 ",9,2
2017,Mad Skills Motocross 2,"$20,163.00 ",12,1
2017,Rivals of Aether,"$14,100.00 ",13,3
2017,Super Smash Bros.,"$13,925.20 ",87,20
2017,Yu-Gi-Oh! Duel Links,"$13,354.44 ",142,85
2017,Ultimate Marvel vs. Capcom 3,"$13,295.00 ",33,14
2017,TrackMania 2: Stadium,"$13,217.87 ",60,20
2017,Heavy Metal Machines,"$12,339.33 ",35,1
2017,Quake Live,"$10,492.75 ",21,19
2017,Critical Ops,"$10,106.41 ",4,2
2017,Quake II,"$10,000.00 ",3,1
2017,osu!,"$9,690.00 ",502,4
2017,Dead or Alive 5: Last Round,"$9,530.00 ",14,7
2017,Pokkén Tournament DX,"$7,789.00 ",16,6
2017,Guilty Gear Xrd -REVELATOR-,"$7,537.94 ",30,8
2017,Doom (2016),"$7,000.00 ",6,1
2017,Skullgirls 2nd Encore,"$6,010.00 ",21,4
2017,QuakeWorld,"$5,000.00 ",3,1
2017,Rage,"$5,000.00 ",3,1
2017,The Elder Scrolls: Legends,"$5,000.00 ",3,1
2017,Wolfenstein: Enemy Territory,"$4,493.30 ",23,2
2017,Under Night In-Birth EXE: Late[st],"$4,290.00 ",26,8
2017,Power Rangers: Legacy Wars,"$4,178.55 ",2,1
2017,Super Smash Bros. Brawl,"$3,828.03 ",31,8
2017,Company of Heroes 2,"$3,556.22 ",8,1
2017,Call of Duty: Modern Warfare 2,"$3,500.00 ",8,2
2017,Splatoon 2,"$3,425.00 ",0,3
2017,Age of Empires III,"$3,300.00 ",19,7
2017,ARMS,"$3,257.10 ",31,13
2017,Street Fighter III: 3rd Strike,"$2,958.36 ",3,2
2017,Super Street Fighter II Turbo,"$2,760.00 ",18,5
2017,Mystery Game Tournament,"$2,480.00 ",15,2
2017,Battlefield 4,"$2,305.53 ",20,1
2017,Vampire Savior,"$2,030.00 ",11,4
2017,ComPet,"$2,000.00 ",50,1
2017,Street Fighter V: Arcade Edition,"$1,900.00 ",3,1
2017,Clash of Clans,"$1,576.87 ",2,1
2017,Tetris,"$1,500.00 ",2,1
2017,Lichess,"$1,100.00 ",8,2
2017,Call of Duty 2,"$1,073.91 ",6,1
2017,S.K.I.L.L. - Special Force 2,"$1,000.00 ",0,1
2017,Under Night In-Birth EXE: Late,$960.00 ,7,2
2017,Soul Calibur II HD Online,$860.00 ,11,2
2017,Ultra Street Fighter IV,$820.00 ,8,3
2017,Melty Blood: Actress Again Current Code,$810.00 ,9,2
2017,Windjammers,$780.00 ,6,3
2017,Soul Calibur V,$750.00 ,5,3
2017,Guilty Gear XX Accent Core Plus R,$660.00 ,6,2
2017,Capcom vs. SNK 2,$610.00 ,6,2
2017,Catherine,$570.00 ,5,2
2017,Tekken Tag Tournament 2,$520.00 ,6,2
2017,Age of Empires Online,$500.00 ,8,1
2017,Persona 4 Arena Ultimax,$490.00 ,6,2
2017,Street Fighter X Tekken,$480.00 ,5,2
2017,Dengeki Bunko: Fighting Climax Ignition,$390.00 ,5,2
2017,NHL '94,$321.20 ,7,3
2017,TrackMania 2: Canyon,$318.36 ,3,1
2017,Gundam Versus,$280.00 ,6,1
2017,Xonotic,$249.81 ,26,3
2017,Divekick,$240.00 ,3,1
2017,Puyo Puyo Tetris,$240.00 ,3,1
2017,Tetris Ultimate,$221.00 ,3,1
2017,Arcana Heart 3: LOVE MAX!!!!!,$200.00 ,3,1
2017,Koihime Enbu,$190.00 ,3,1
2017,Tatsunoko vs. Capcom: Ultimate All-Stars,$160.00 ,3,1
2017,Chaos Code: New Sign of Catastrophe,$140.00 ,3,1
2016,Dota 2,"$37,464,419.92 ",896,154
2016,Counter-Strike: Global Offensive,"$17,266,132.50 ",4408,861
2016,League of Legends,"$10,529,309.95 ",1618,183
2016,Heroes of the Storm,"$4,663,149.10 ",388,63
2016,Call of Duty: Black Ops III,"$3,862,185.84 ",365,55
2016,Hearthstone,"$3,455,125.46 ",582,134
2016,Halo 5: Guardians,"$3,411,240.03 ",176,36
2016,StarCraft II,"$3,182,918.35 ",413,651
2016,Overwatch,"$1,996,942.76 ",1203,261
2016,SMITE,"$1,638,242.04 ",316,21
2016,CrossFire,"$887,159.96 ",152,20
2016,Street Fighter V,"$869,956.88 ",135,61
2016,FIFA Online 3,"$835,082.40 ",35,3
2016,Super Smash Bros. Melee,"$674,499.14 ",757,750
2016,Gears of War 4,"$501,285.00 ",77,16
2016,World of WarCraft,"$453,000.00 ",61,4
2016,Rocket League,"$437,201.73 ",266,311
2016,Super Smash Bros. for Wii U,"$429,999.07 ",577,283
2016,Vainglory,"$424,628.65 ",165,21
2016,WarCraft III,"$419,963.19 ",93,108
2016,World of Tanks,"$400,000.00 ",40,2
2016,Rainbow Six Siege,"$320,680.03 ",123,26
2016,Guild Wars 2,"$300,000.00 ",100,4
2016,Mortal Kombat X,"$290,129.99 ",45,21
2016,H1Z1,"$267,244.00 ",18,2
2016,Heroes of Newerth,"$246,433.55 ",101,24
2016,Clash Royale,"$228,859.56 ",33,7
2016,Gears of War: Ultimate Edition,"$170,000.00 ",39,3
2016,Attack on Titan Tribute Game,"$157,000.00 ",20,10
2016,Blade & Soul,"$156,182.40 ",28,2
2016,Point Blank,"$145,000.00 ",74,2
2016,KartRider,"$144,234.00 ",19,3
2016,MechWarrior Online,"$143,490.00 ",0,1
2016,Call of Duty: Infinite Warfare,"$125,020.99 ",56,4
2016,Magic: The Gathering Online,"$104,000.00 ",13,1
2016,Paladins,"$104,000.00 ",26,2
2016,Mortal Kombat XL,"$100,941.39 ",24,7
2016,Madden NFL 2017,"$100,000.00 ",16,1
2016,FIFA 16,"$95,694.50 ",54,18
2016,Brawlhalla,"$78,931.09 ",117,68
2016,Team Fortress 2,"$78,899.83 ",226,21
2016,Tekken 7,"$78,599.54 ",66,16
2016,StarCraft: Brood War,"$75,767.76 ",32,13
2016,Age of Empires,"$62,321.80 ",99,20
2016,Killer Instinct (2013),"$55,479.59 ",44,12
2016,Age of Empires II,"$52,281.14 ",128,38
2016,Madden NFL 2016,"$50,000.00 ",8,1
2016,iRacing.com,"$47,319.88 ",134,8
2016,Uncharted 4: A Thief's End,"$46,235.07 ",5,1
2016,Pokkén Tournament,"$40,381.66 ",38,10
2016,Counter-Strike Online,"$40,000.00 ",15,1
2016,Old School Runescape,"$40,000.00 ",4,4
2016,Forza Motorsport 6,"$39,850.00 ",34,7
2016,Project M,"$38,048.66 ",162,48
2016,Project Cars,"$33,455.00 ",30,49
2016,Grey Goo,"$30,400.00 ",16,2
2016,FIFA 17,"$30,305.99 ",41,4
2016,Guilty Gear Xrd -REVELATOR-,"$28,899.49 ",47,11
2016,Quake Live,"$28,002.76 ",14,25
2016,Pro Evolution Soccer 2016,"$27,243.84 ",17,6
2016,QuakeWorld,"$25,000.00 ",16,1
2016,Chess.com,"$23,859.98 ",81,22
2016,Ultimate Marvel vs. Capcom 3,"$18,501.06 ",45,25
2016,Super Smash Bros.,"$18,200.77 ",77,33
2016,Battlerite,"$12,881.74 ",55,38
2016,TrackMania 2: Stadium,"$12,386.52 ",29,15
2016,Ultra Street Fighter IV,"$8,546.61 ",42,15
2016,osu!,"$8,120.00 ",429,3
2016,Metal Gear Online,"$8,000.00 ",37,8
2016,Guilty Gear Xrd -SIGN-,"$7,110.00 ",25,10
2016,Battlefield 4,"$6,070.68 ",40,3
2016,King of Fighters XIV,"$5,318.49 ",19,4
2016,Skullgirls Encore,"$5,240.00 ",15,5
2016,rFactor 2,"$4,723.91 ",30,1
2016,Pro Evolution Soccer 2017,"$4,697.71 ",23,11
2016,Super Smash Bros. Brawl,"$4,500.54 ",38,13
2016,BlazBlue: Chronophantasma Extend,"$3,974.56 ",16,6
2016,Under Night In-Birth EXE: Late,"$3,050.00 ",19,7
2016,BlazBlue: Central Fiction,"$2,836.51 ",11,2
2016,Tekken Tag Tournament 2,"$2,520.00 ",13,4
2016,Age of Empires III,"$2,120.00 ",12,6
2016,Naruto Shippuden: Ultimate Ninja Storm 4,"$2,000.00 ",0,2
2016,Dead or Alive 5: Last Round,"$1,934.58 ",14,5
2016,Call of Duty: Modern Warfare 2,"$1,700.00 ",12,1
2016,Skullgirls 2nd Encore,"$1,700.00 ",8,1
2016,Tetris,"$1,500.00 ",2,1
2016,Super Street Fighter II Turbo,"$1,459.72 ",17,4
2016,Nitroplus Blasterz: Heroines Infinite Duel,"$1,380.00 ",5,2
2016,Xonotic,"$1,283.15 ",56,3
2016,Persona 4 Arena Ultimax,"$1,250.00 ",11,4
2016,Unreal Tournament (2016),"$1,071.42 ",17,3
2016,Vampire Savior,$918.74 ,9,3
2016,Guilty Gear XX Accent Core Plus R,$870.00 ,5,2
2016,King of Fighters XIII,$834.57 ,9,3
2016,NHL '94,$806.16 ,7,3
2016,Melty Blood: Actress Again Current Code,$700.00 ,8,1
2016,Dengeki Bunko: Fighting Climax Ignition,$662.30 ,11,2
2016,Splatoon,$620.00 ,0,1
2016,Trackmania Turbo,$566.91 ,3,1
2016,Injustice: Gods Among Us,$500.00 ,3,1
2016,Rivals of Aether,$500.00 ,2,2
2016,Bloodline Champions,$455.32 ,6,4
2016,King of Fighters 2002 Unlimited Match,$380.00 ,3,1
2016,Street Fighter X Tekken,$300.00 ,3,1
2016,Catherine,$270.00 ,3,1
2016,Virtua Fighter 5 Final Showdown,$268.54 ,7,2
2016,Koihime Enbu,$250.00 ,3,1
2016,MOBA Legends,$225.00 ,3,1
2016,Arcana Heart 3: LOVE MAX!!!!!,$210.00 ,3,1
2016,Marvel vs. Capcom 3,$199.29 ,0,1
2016,Divekick,$180.00 ,3,1
2016,Tatsunoko vs. Capcom: Ultimate All-Stars,$170.00 ,3,1
2016,Aquapazza: Aquaplus Dream Match,$160.00 ,3,1
2016,Soul Calibur V,$140.00 ,3,2
2016,Marvel vs. Capcom 2,$100.00 ,3,1
2016,Reflex,$32.74 ,1,1
2015,Dota 2,"$31,050,786.86 ",983,227
2015,League of Legends,"$7,718,307.16 ",1921,311
2015,Counter-Strike: Global Offensive,"$6,284,970.14 ",3021,707
2015,SMITE,"$3,709,088.73 ",252,42
2015,StarCraft II,"$3,017,759.24 ",501,690
2015,Call of Duty: Advanced Warfare,"$2,484,861.12 ",758,365
2015,Heroes of the Storm,"$2,470,686.83 ",666,286
2015,Hearthstone,"$2,372,583.73 ",563,251
2015,World of Tanks,"$1,203,054.52 ",248,20
2015,Heroes of Newerth,"$810,839.41 ",259,76
2015,Ultra Street Fighter IV,"$642,578.64 ",148,123
2015,Super Smash Bros. Melee,"$514,706.42 ",557,533
2015,CrossFire,"$500,714.08 ",135,73
2015,World of WarCraft,"$470,948.70 ",82,20
2015,Halo 2 Anniversary,"$378,667.45 ",81,13
2015,Super Smash Bros. for Wii U,"$274,699.63 ",478,293
2015,Mortal Kombat X,"$232,922.43 ",65,40
2015,Attack on Titan Tribute Game,"$220,200.00 ",28,15
2015,WarCraft III,"$219,597.87 ",56,58
2015,Age of Empires II,"$203,606.83 ",231,18
2015,Vainglory,"$193,392.54 ",83,4
2015,H1Z1,"$173,328.00 ",20,2
2015,StarCraft: Brood War,"$153,783.67 ",81,55
2015,Point Blank,"$143,097.75 ",103,11
2015,Evolve,"$131,509.05 ",110,33
2015,FIFA 15,"$129,565.09 ",148,297
2015,Magic: The Gathering Online,"$116,000.00 ",16,1
2015,Guild Wars 2,"$115,930.14 ",39,34
2015,Blade & Soul,"$103,401.12 ",16,2
2015,Tekken 7,"$97,214.27 ",14,3
2015,S.K.I.L.L. - Special Force 2,"$91,548.95 ",65,16
2015,Battlefield 4,"$83,382.97 ",93,69
2015,Killer Instinct (2013),"$83,227.57 ",43,13
2015,Team Fortress 2,"$82,721.87 ",195,18
2015,Call of Duty: Black Ops III,"$77,597.45 ",145,23
2015,Project M,"$57,236.28 ",213,72
2015,KartRider,"$54,188.00 ",12,1
2015,Quake Live,"$49,091.89 ",51,41
2015,Counter-Strike Online,"$40,000.00 ",15,1
2015,iRacing.com,"$39,694.67 ",113,6
2015,Guilty Gear Xrd -SIGN-,"$30,335.66 ",69,28
2015,Halo 5: Guardians,"$28,490.94 ",35,7
2015,Pro Evolution Soccer 2015,"$26,544.76 ",3,1
2015,TrackMania 2: Stadium,"$24,265.77 ",33,15
2015,Rocket League,"$23,976.56 ",95,79
2015,FIFA 16,"$22,133.61 ",19,10
2015,Ultimate Marvel vs. Capcom 3,"$21,643.72 ",72,24
2015,Chess.com,"$20,859.98 ",69,16
2015,FIFA Online 3,"$20,124.00 ",8,2
2015,ShootMania Storm,"$17,028.67 ",14,4
2015,Persona 4 Arena Ultimax,"$16,528.16 ",41,10
2015,Super Street Fighter IV Arcade Edition,"$13,712.98 ",8,1
2015,Battlefield Hardline,"$13,463.28 ",20,1
2015,Age of Empires,"$12,939.00 ",26,9
2015,Super Smash Bros.,"$11,915.70 ",57,19
2015,Super Smash Bros. Brawl,"$9,890.00 ",43,7
2015,Grey Goo,"$6,000.00 ",12,3
2015,Call of Duty: Black Ops 2,"$5,000.00 ",4,1
2015,osu!,"$5,000.00 ",239,1
2015,Tekken Tag Tournament 2,"$4,606.44 ",29,11
2015,rFactor 2,"$4,135.99 ",34,1
2015,Skullgirls Encore,"$3,915.40 ",23,6
2015,Brawlhalla,"$3,710.00 ",48,13
2015,Dead or Alive 5: Last Round,"$3,709.24 ",28,7
2015,Overwatch,"$3,320.00 ",44,10
2015,NHL 15,"$3,157.16 ",3,3
2015,Call of Duty 4: Modern Warfare,"$2,703.33 ",0,1
2015,Gears of War 3,"$2,700.00 ",13,2
2015,NHL '94,"$2,691.20 ",16,2
2015,Project Cars,"$2,190.00 ",15,39
2015,Wolfenstein: Enemy Territory,"$2,107.30 ",18,1
2015,Age of Empires III,"$1,995.00 ",16,3
2015,Reflex,"$1,962.00 ",9,3
2015,Under Night In-Birth EXE: Late,"$1,695.76 ",25,8
2015,King of Fighters XIII,"$1,460.31 ",31,8
2015,Street Fighter III: 3rd Strike,"$1,224.86 ",10,4
2015,Divekick,"$1,110.00 ",5,2
2015,Shards of War,"$1,029.21 ",20,1
2015,Rising Thunder,"$1,000.00 ",3,1
2015,Tetris,"$1,000.00 ",4,1
2015,BlazBlue: Chronophantasma Extend,$944.21 ,15,5
2015,Soul Calibur V,$920.00 ,16,4
2015,Injustice: Gods Among Us,$870.00 ,8,3
2015,Splatoon,$770.00 ,3,3
2015,Street Fighter X Tekken,$600.00 ,6,2
2015,TrackMania 2: Canyon,$540.66 ,3,1
2015,Trackmania 2: Valley,$540.66 ,3,1
2015,BlazBlue: Chronophantasma,$485.58 ,24,5
2015,Legend of Glory,$472.66 ,0,1
2015,Nitroplus Blasterz: Heroines Infinite Duel,$464.00 ,3,1
2015,Super Street Fighter II Turbo,$328.69 ,6,2
2015,Unreal Tournament (2016),$314.63 ,9,2
2015,Mortal Kombat 9,$190.00 ,3,1
2015,Ultimate Mortal Kombat 3,$150.00 ,3,1
2015,Virtua Fighter 5 Final Showdown,$145.23 ,3,1
2015,Guilty Gear XX Accent Core Plus R,$120.00 ,10,2
2015,Capcom vs. SNK 2,$61.79 ,3,1
2015,Dengeki Bunko: Fighting Climax,$60.00 ,3,1
2015,QuakeWorld,$55.09 ,1,1
2015,Marvel vs. Capcom 2,$0.00 ,11,2
2015,Melty Blood: Actress Again,$0.00 ,8,1
2014,Dota 2,"$16,608,030.59 ",673,150
2014,League of Legends,"$8,057,290.99 ",1630,428
2014,StarCraft II,"$3,473,756.90 ",500,611
2014,Counter-Strike: Global Offensive,"$1,962,515.01 ",1420,279
2014,Call of Duty: Ghosts,"$1,525,435.95 ",182,62
2014,Hearthstone,"$1,123,245.18 ",309,177
2014,World of Tanks,"$882,436.68 ",64,7
2014,CrossFire,"$506,348.43 ",187,46
2014,SMITE,"$497,909.60 ",81,10
2014,Heroes of Newerth,"$486,110.24 ",248,87
2014,World of WarCraft,"$250,000.00 ",24,1
2014,WarCraft III,"$215,181.80 ",47,29
2014,Super Smash Bros. Melee,"$167,343.13 ",362,268
2014,Ultra Street Fighter IV,"$162,631.79 ",96,79
2014,Attack on Titan Tribute Game,"$139,063.53 ",42,19
2014,Battlefield 4,"$128,323.18 ",74,67
2014,Call of Duty: Advanced Warfare,"$126,947.81 ",127,40
2014,Magic: The Gathering Online,"$116,000.00 ",16,1
2014,KartRider,"$106,712.00 ",33,2
2014,Halo 2 Anniversary,"$90,037.60 ",57,7
2014,Counter-Strike Online,"$78,688.00 ",15,2
2014,Point Blank,"$78,000.00 ",57,4
2014,Team Fortress 2,"$72,949.72 ",110,16
2014,FIFA 14,"$67,660.28 ",52,50
2014,Quake Live,"$64,563.87 ",80,81
2014,Guild Wars 2,"$60,075.36 ",60,19
2014,Age of Empires II,"$54,558.71 ",130,23
2014,StarCraft: Brood War,"$53,601.35 ",32,16
2014,Project M,"$53,150.21 ",208,107
2014,Super Street Fighter IV Arcade Edition,"$39,044.63 ",68,52
2014,BlazBlue: Chronophantasma,"$36,535.00 ",50,10
2014,S.K.I.L.L. - Special Force 2,"$35,929.65 ",10,3
2014,iRacing.com,"$30,500.00 ",8,2
2014,Pro Evolution Soccer 2014,"$29,410.25 ",4,1
2014,Tekken Tag Tournament 2,"$27,583.40 ",73,51
2014,Killer Instinct (2013),"$22,399.80 ",43,12
2014,Halo 4,"$18,950.00 ",16,3
2014,Ultimate Marvel vs. Capcom 3,"$17,570.01 ",71,32
2014,Super Smash Bros. Brawl,"$16,629.31 ",80,33
2014,TrackMania 2: Stadium,"$16,414.15 ",56,17
2014,ShootMania Storm,"$15,000.00 ",9,2
2014,Injustice: Gods Among Us,"$14,900.00 ",56,44
2014,FIFA 15,"$14,808.90 ",38,55
2014,King of Fighters XIII,"$14,444.40 ",51,12
2014,Heroes of the Storm,"$14,257.50 ",47,19
2014,Halo 3,"$10,140.23 ",21,4
2014,Super Smash Bros. for Wii U,"$9,521.65 ",64,17
2014,Call of Duty 4: Modern Warfare,"$6,028.93 ",0,3
2014,Age of Empires,"$3,740.00 ",24,3
2014,rFactor 2,"$3,545.13 ",30,1
2014,Super Smash Bros.,"$3,073.00 ",28,8
2014,NHL 14,"$3,023.96 ",6,3
2014,Chess.com,"$2,999.99 ",17,3
2014,Divekick,"$1,700.00 ",9,3
2014,Counter-Strike,"$1,500.00 ",5,1
2014,TrackMania 2: Canyon,"$1,194.24 ",5,2
2014,Persona 4 Arena,$820.00 ,11,2
2014,Soul Calibur V,$635.00 ,32,5
2014,Street Fighter X Tekken,$520.00 ,35,7
2014,Capcom vs. SNK 2,$445.00 ,10,2
2014,Guilty Gear XX Accent Core Plus R,$440.00 ,41,7
2014,Under Night In-Birth EXE: Late,$320.00 ,16,6
2014,Xonotic,$315.73 ,20,1
2014,Age of Mythology,$200.00 ,3,1
2014,Marvel vs. Capcom 2,$200.00 ,11,2
2014,Dead or Alive 5 Ultimate,$0.00 ,33,5
2014,Just Dance 2014,$0.00 ,3,1
2014,Mortal Kombat 9,$0.00 ,21,3
2014,Persona 4 Arena Ultimax,$0.00 ,8,1
2014,Skullgirls Encore,$0.00 ,10,2
2014,Soul Calibur II HD Online,$0.00 ,14,2
2014,Street Fighter Alpha 3,$0.00 ,8,1
2014,Street Fighter III: 3rd Strike,$0.00 ,11,2
2014,Super Street Fighter II Turbo,$0.00 ,23,4
2014,Virtua Fighter 5 Final Showdown,$0.00 ,16,2
2013,League of Legends,"$6,226,259.63 ",1209,369
2013,Dota 2,"$4,543,141.76 ",467,126
2013,StarCraft II,"$3,847,464.26 ",615,501
2013,Call of Duty: Black Ops 2,"$1,432,141.30 ",181,48
2013,Counter-Strike: Global Offensive,"$1,211,869.54 ",1000,199
2013,Turbo Racing League,"$1,000,000.00 ",16,9
2013,Heroes of Newerth,"$653,370.10 ",313,96
2013,FIFA 13,"$441,304.55 ",44,44
2013,Madden NFL 2013,"$400,000.00 ",8,1
2013,Halo 4,"$371,798.76 ",55,15
2013,World of Tanks,"$329,000.00 ",47,6
2013,CrossFire,"$270,618.52 ",207,68
2013,World of WarCraft,"$189,000.00 ",12,1
2013,Counter-Strike Online,"$142,193.60 ",28,4
2013,ShootMania Storm,"$129,658.37 ",69,32
2013,Super Street Fighter IV Arcade Edition,"$128,929.37 ",101,97
2013,Magic: The Gathering Online,"$116,000.00 ",16,1
2013,StarCraft: Brood War,"$109,570.17 ",56,35
2013,NHL 13,"$70,000.00 ",1,1
2013,Call of Duty: Ghosts,"$68,749.30 ",59,14
2013,WarCraft III,"$66,904.83 ",22,61
2013,Super Smash Bros. Melee,"$56,927.30 ",202,112
2013,Quake Live,"$50,733.15 ",45,21
2013,Point Blank,"$48,000.00 ",39,3
2013,SMITE,"$43,472.38 ",25,3
2013,Ultimate Marvel vs. Capcom 3,"$37,763.67 ",75,59
2013,Age of Empires II,"$33,280.27 ",54,6
2013,iRacing.com,"$32,000.00 ",10,2
2013,Team Fortress 2,"$31,664.98 ",114,11
2013,FIFA 14,"$28,687.53 ",19,19
2013,KartRider,"$27,570.00 ",16,1
2013,Tekken Tag Tournament 2,"$24,225.86 ",51,51
2013,Injustice: Gods Among Us,"$18,906.89 ",71,69
2013,Super Smash Bros. Brawl,"$18,591.65 ",86,51
2013,Street Fighter X Tekken,"$15,425.00 ",56,51
2013,Battlefield 4,"$15,408.65 ",20,3
2013,TrackMania 2: Stadium,"$12,008.29 ",23,8
2013,Counter-Strike,"$10,080.00 ",21,1
2013,Project M,"$8,815.48 ",92,44
2013,Defense of the Ancients,"$5,955.02 ",0,2
2013,Call of Duty 4: Modern Warfare,"$5,850.23 ",15,5
2013,King of Fighters XIII,"$5,510.00 ",36,11
2013,Persona 4 Arena,"$5,040.00 ",21,6
2013,rFactor,"$4,595.99 ",30,1
2013,S.K.I.L.L. - Special Force 2,"$4,054.33 ",10,1
2013,Mortal Kombat 9,"$2,640.00 ",16,4
2013,Street Fighter IV,"$2,440.00 ",16,1
2013,Divekick,"$2,360.00 ",11,3
2013,Age of Empires III,"$2,145.85 ",11,2
2013,Super Smash Bros.,"$2,061.00 ",16,5
2013,TrackMania Nations Forever,"$1,881.98 ",11,2
2013,Age of Empires,"$1,716.00 ",27,3
2013,TrackMania 2: Canyon,"$1,427.78 ",3,2
2013,Hearthstone,"$1,395.34 ",3,3
2013,Doom II: Hell on Earth,"$1,000.00 ",1,1
2013,Soul Calibur V,$405.00 ,19,3
2013,Skullgirls,$300.00 ,3,1
2013,Trackmania 2: Valley,$238.68 ,3,1
2013,Age of Empires Online,$230.00 ,3,1
2013,Dragon Ball Z: Budokai 3,$204.06 ,3,1
2013,Unreal Tournament 3,$165.00 ,4,1
2013,BlazBlue: Continuum Shift Extend,$0.00 ,3,1
2013,Dead or Alive 5 Ultimate,$0.00 ,11,2
2012,League of Legends,"$4,287,209.14 ",930,391
2012,StarCraft II,"$4,200,057.72 ",673,696
2012,Dota 2,"$2,087,094.85 ",254,96
2012,Counter-Strike,"$547,584.85 ",535,65
2012,Heroes of Newerth,"$341,962.28 ",308,63
2012,Counter-Strike: Global Offensive,"$222,538.77 ",306,48
2012,Counter-Strike: Source,"$214,637.92 ",290,35
2012,World of WarCraft,"$208,500.00 ",15,2
2012,Defense of the Ancients,"$205,438.37 ",113,11
2012,Call of Duty: Modern Warfare 3,"$154,800.32 ",187,40
2012,World of Tanks,"$123,502.27 ",67,9
2012,Super Street Fighter IV Arcade Edition,"$117,347.60 ",63,40
2012,StarCraft: Brood War,"$106,816.29 ",52,31
2012,Counter-Strike Online,"$106,108.00 ",33,4
2012,Mortal Kombat 9,"$101,300.00 ",24,9
2012,ShootMania Storm,"$100,000.00 ",21,2
2012,WarCraft III,"$81,561.64 ",32,57
2012,Quake Live,"$71,284.81 ",30,56
2012,Tekken Tag Tournament 2,"$66,720.00 ",47,20
2012,Street Fighter X Tekken,"$66,015.64 ",51,27
2012,Halo: Reach,"$64,567.99 ",57,10
2012,Point Blank,"$64,500.00 ",49,7
2012,CrossFire,"$60,774.96 ",122,22
2012,Soul Calibur V,"$57,500.90 ",22,9
2012,KartRider,"$53,139.00 ",17,3
2012,FIFA 12,"$52,670.52 ",46,51
2012,Team Fortress 2,"$40,007.80 ",97,9
2012,Halo 4,"$40,000.00 ",16,1
2012,iRacing.com,"$32,500.00 ",8,2
2012,Super Smash Bros. Melee,"$30,778.50 ",87,28
2012,Call of Duty: Black Ops 2,"$29,997.95 ",32,4
2012,Battlefield 3,"$25,407.46 ",5,6
2012,Age of Empires II,"$24,942.94 ",42,6
2012,King of Fighters XIII,"$21,995.00 ",29,8
2012,Bloodline Champions,"$21,450.00 ",27,6
2012,Super Smash Bros. Brawl,"$18,424.46 ",57,24
2012,TrackMania Nations Forever,"$18,051.32 ",21,13
2012,FIFA 13,"$17,123.27 ",21,18
2012,BlazBlue: Continuum Shift II,"$16,999.58 ",0,1
2012,Call of Duty 4: Modern Warfare,"$16,525.03 ",51,8
2012,Super Street Fighter II Turbo HD Remix,"$16,200.00 ",18,3
2012,Street Fighter III: 3rd Strike,"$15,780.72 ",18,4
2012,TrackMania 2: Canyon,"$13,237.04 ",8,26
2012,Ultimate Marvel vs. Capcom 3,"$4,696.23 ",22,6
2012,rFactor,"$4,645.73 ",29,1
2012,Gears of War 3,"$4,555.81 ",0,2
2012,Tekken 6,"$4,541.78 ",7,4
2012,Call of Duty 2,"$1,014.32 ",10,1
2012,Project M,$751.81 ,10,4
2012,NHL 12,$702.93 ,6,2
2012,Persona 4 Arena,$476.63 ,14,3
2012,Super Smash Bros.,$400.00 ,7,2
2012,Age of Empires III,$345.00 ,4,2
2012,QuakeWorld,$255.66 ,1,1
2012,Call of Duty: Black Ops,$240.00 ,0,1
2012,Forza Motorsport 4,$132.37 ,2,1
2012,Dead or Alive 5,$0.00 ,4,1
2012,Super Street Fighter II Turbo,$0.00 ,4,1
2011,StarCraft II,"$3,179,864.09 ",516,789
2011,Dota 2,"$1,672,268.08 ",93,6
2011,Call of Duty: Modern Warfare 3,"$1,006,015.34 ",44,5
2011,Counter-Strike,"$879,914.71 ",686,84
2011,Halo: Reach,"$593,521.98 ",86,15
2011,League of Legends,"$526,574.51 ",387,172
2011,StarCraft: Brood War,"$423,063.87 ",100,37
2011,Call of Duty: Black Ops,"$376,553.48 ",118,23
2011,Counter-Strike: Source,"$261,943.40 ",329,42
2011,Defense of the Ancients,"$244,082.84 ",246,27
2011,World of WarCraft,"$165,000.00 ",18,3
2011,Heroes of Newerth,"$153,840.35 ",42,14
2011,WarCraft III,"$149,527.55 ",53,64
2011,Quake Live,"$125,267.32 ",39,68
2011,Magic: The Gathering Online,"$100,000.00 ",12,1
2011,FIFA 11,"$90,180.92 ",68,62
2011,Super Street Fighter IV Arcade Edition,"$56,552.09 ",41,14
2011,KartRider,"$54,123.00 ",11,4
2011,iRacing.com,"$48,900.00 ",14,3
2011,Team Fortress 2,"$45,490.44 ",148,21
2011,Special Force,"$44,650.00 ",0,1
2011,Super Smash Bros. Melee,"$44,594.21 ",142,52
2011,Tekken 6,"$38,914.17 ",34,13
2011,TrackMania Nations Forever,"$36,283.56 ",43,18
2011,CrossFire,"$34,000.00 ",15,1
2011,Mortal Kombat 9,"$29,501.67 ",26,8
2011,Super Smash Bros. Brawl,"$28,153.32 ",107,35
2011,Marvel vs. Capcom 3,"$22,144.33 ",38,11
2011,Bloodline Champions,"$20,000.00 ",16,2
2011,World of Tanks,"$18,503.12 ",7,2
2011,Marvel vs. Capcom 2,"$15,000.00 ",6,3
2011,Call of Duty 4: Modern Warfare,"$14,653.11 ",37,9
2011,Age of Empires II,"$10,458.41 ",30,5
2011,Call of Duty: Modern Warfare 2,"$10,000.00 ",0,1
2011,BlazBlue: Continuum Shift II,"$7,591.43 ",14,4
2011,rFactor,"$4,724.49 ",30,1
2011,TrackMania 2: Canyon,"$4,673.38 ",5,2
2011,Gears of War,"$4,127.00 ",0,3
2011,Age of Empires,"$3,727.63 ",27,5
2011,FIFA 12,"$1,761.00 ",12,15
2011,Super Street Fighter IV,"$1,706.80 ",22,10
2011,Arcana Heart 3,"$1,000.00 ",4,1
2011,Super Street Fighter II Turbo,$820.00 ,11,2
2011,Super Smash Bros.,$330.00 ,3,2
2011,Soul Calibur IV,$260.00 ,3,1
2011,Street Fighter III: 3rd Strike,$240.00 ,3,1
2011,Project M,$225.00 ,4,1
2011,Age of Empires Online,$100.00 ,3,1
2011,Street Fighter IV,$90.00 ,2,1
2011,Wolfenstein: Enemy Territory,$86.37 ,6,1
2011,Ultimate Marvel vs. Capcom 3,$45.00 ,2,1
2011,Mortal Kombat vs. DC Universe,$0.00 ,3,1
2011,Super Street Fighter II Turbo HD Remix,$0.00 ,3,1
2011,Ultimate Mortal Kombat 3,$0.00 ,3,1
2010,Counter-Strike,"$1,453,214.32 ",884,118
2010,StarCraft II,"$820,839.29 ",320,277
2010,Halo 3,"$798,113.79 ",85,9
2010,StarCraft: Brood War,"$628,499.64 ",99,15
2010,WarCraft III,"$362,767.85 ",79,88
2010,Counter-Strike: Source,"$351,448.47 ",558,62
2010,World of WarCraft,"$291,250.00 ",63,9
2010,Multigaming,"$200,000.00 ",2,2
2010,Quake Live,"$177,411.41 ",77,77
2010,Defense of the Ancients,"$158,306.30 ",116,17
2010,FIFA 10,"$117,026.71 ",64,48
2010,Magic: The Gathering Online,"$100,000.00 ",12,1
2010,Call of Duty: Modern Warfare 2,"$95,448.80 ",37,13
2010,Special Force,"$85,600.00 ",0,2
2010,Tekken 6,"$76,418.69 ",32,13
2010,Gears of War 2,"$75,000.00 ",0,1
2010,Super Smash Bros. Brawl,"$74,805.20 ",77,25
2010,KartRider,"$51,240.00 ",12,4
2010,Heroes of Newerth,"$45,064.90 ",23,8
2010,TrackMania Nations Forever,"$44,166.39 ",55,19
2010,Team Fortress 2,"$44,142.93 ",211,21
2010,Call of Duty 4: Modern Warfare,"$39,665.91 ",154,15
2010,Super Smash Bros. Melee,"$31,742.98 ",149,65
2010,Super Street Fighter IV,"$28,522.50 ",29,8
2010,iRacing.com,"$28,000.00 ",5,2
2010,League of Legends,"$27,942.64 ",87,24
2010,CrossFire,"$23,000.00 ",0,1
2010,Age of Empires II,"$18,559.75 ",34,7
2010,Halo: Reach,"$14,000.00 ",0,2
2010,Carom 3D,"$11,000.00 ",3,1
2010,Forza Motorsport 3,"$11,000.00 ",3,2
2010,Guitar Hero 5,"$10,500.00 ",3,1
2010,Need for Speed: Shift,"$10,500.00 ",3,1
2010,Gears of War,"$10,193.30 ",0,1
2010,Wolfenstein: Enemy Territory,"$6,811.76 ",15,1
2010,Street Fighter IV,"$3,805.50 ",11,5
2010,FIFA 11,"$3,802.85 ",14,16
2010,Day of Defeat: Source,"$3,069.04 ",18,3
2010,FIFA 09,"$2,731.65 ",3,2
2010,"Warhammer 40,000: Dawn of War","$1,816.50 ",2,1
2010,rFactor,"$1,117.35 ",10,1
2010,Pro Evolution Soccer 2009,$682.91 ,3,1
2010,Age of Empires,$308.00 ,18,1
2010,Tatsunoko vs. Capcom: Ultimate All-Stars,$300.81 ,6,3
2010,Super Smash Bros.,$180.00 ,8,4
2010,Super Street Fighter II Turbo HD Remix,$160.00 ,6,2
2010,Capcom vs. SNK,$140.00 ,3,1
2010,Marvel vs. Capcom 2,$130.00 ,6,2
2010,Melty Blood: Actress Again,$0.00 ,3,1
2009,Counter-Strike,"$1,354,652.70 ",797,123
2009,StarCraft: Brood War,"$708,775.32 ",137,51
2009,WarCraft III,"$387,351.00 ",74,90
2009,World of WarCraft,"$350,138.91 ",68,12
2009,Counter-Strike: Source,"$247,039.65 ",321,47
2009,Halo 3,"$234,900.71 ",76,7
2009,Defense of the Ancients,"$124,530.20 ",123,17
2009,FIFA 09,"$118,886.69 ",52,17
2009,Call of Duty 4: Modern Warfare,"$109,724.84 ",121,21
2009,Quake Live,"$79,946.08 ",33,19
2009,Gears of War 2,"$60,000.00 ",0,4
2009,Super Smash Bros. Melee,"$51,999.99 ",161,89
2009,Resistance 2,"$50,400.00 ",194,1
2009,Magic: The Gathering Online,"$50,000.00 ",8,1
2009,Super Smash Bros. Brawl,"$48,302.26 ",195,97
2009,TrackMania Nations Forever,"$35,765.59 ",30,13
2009,Team Fortress 2,"$32,478.48 ",142,10
2009,Red Stone,"$23,000.00 ",12,1
2009,Rainbow Six: Vegas 2,"$15,000.00 ",0,1
2009,Asphalt 4,"$12,000.00 ",3,1
2009,Carom 3D,"$12,000.00 ",3,1
2009,Virtua Fighter 5,"$12,000.00 ",3,2
2009,Wise Star 2,"$12,000.00 ",3,1
2009,Quake III Arena,"$10,591.18 ",20,7
2009,Age of Empires II,"$10,134.84 ",11,2
2009,Day of Defeat: Source,"$7,717.64 ",35,3
2009,Wolfenstein: Enemy Territory,"$6,637.46 ",18,1
2009,Call of Duty 2,"$4,401.02 ",0,1
2009,Call of Duty: Modern Warfare 2,"$4,211.84 ",11,2
2009,FIFA 08,"$2,560.19 ",3,1
2009,Street Fighter IV,"$1,602.72 ",13,5
2009,Age of Empires,$880.00 ,16,1
2009,Pro Evolution Soccer 2009,$713.06 ,3,4
2009,Super Smash Bros.,$100.00 ,7,2
2009,Marvel vs. Capcom 2,$90.00 ,6,2
2009,Street Fighter III: 3rd Strike,$45.00 ,3,2
2009,BlazBlue: Calamity Trigger,$35.00 ,3,1
2009,Guilty Gear XX Accent Core,$35.00 ,9,2
2009,King of Fighters XI,$25.00 ,3,1
2009,Guilty Gear XX Accent Core Plus,$0.00 ,3,1
2009,Super Street Fighter II Turbo HD Remix,$0.00 ,8,2
2008,Counter-Strike,"$1,681,708.06 ",759,114
2008,StarCraft: Brood War,"$1,050,526.45 ",192,27
2008,Counter-Strike: Source,"$871,999.50 ",468,61
2008,Halo 3,"$688,924.67 ",72,11
2008,WarCraft III,"$681,496.09 ",116,105
2008,World of WarCraft,"$450,500.00 ",72,11
2008,World in Conflict,"$228,110.73 ",25,7
2008,Call of Duty 4: Modern Warfare,"$218,907.09 ",165,23
2008,Forza Motorsport 2,"$207,000.00 ",16,1
2008,FIFA 08,"$201,433.25 ",62,13
2008,Dead or Alive 4,"$189,708.46 ",18,3
2008,F.E.A.R.,"$118,000.00 ",8,2
2008,Unreal Tournament 3,"$104,812.82 ",3,3
2008,Madden NFL 2009,"$100,000.00 ",1,1
2008,Defense of the Ancients,"$81,556.24 ",55,11
2008,Gears of War,"$66,974.50 ",0,6
2008,Quake III Arena,"$65,619.70 ",23,14
2008,Rainbow Six: Vegas 2,"$64,000.00 ",0,6
2008,Team Fortress 2,"$59,639.44 ",74,7
2008,Red Stone,"$35,000.00 ",6,1
2008,Need for Speed: ProStreet,"$32,208.46 ",12,3
2008,TrackMania Nations Forever,"$30,946.31 ",8,6
2008,Command & Conquer 3,"$28,185.41 ",7,5
2008,Project Gotham Racing 4,"$25,208.46 ",5,3
2008,Quake Live,"$25,000.00 ",19,2
2008,Super Smash Bros. Melee,"$22,934.61 ",85,27
2008,Guitar Hero III: Legends of Rock,"$19,000.00 ",8,2
2008,Age of Empires III,"$17,500.00 ",3,1
2008,Asphalt 4,"$17,500.00 ",3,1
2008,Carom 3D,"$17,500.00 ",3,1
2008,Virtua Fighter 5,"$17,500.00 ",3,2
2008,Super Smash Bros. Brawl,"$16,501.87 ",88,35
2008,Age of Empires II,"$15,425.44 ",25,8
2008,Wolfenstein: Enemy Territory,"$12,014.88 ",30,2
2008,Enemy Territory: Quake Wars,"$4,650.12 ",6,1
2008,Battlefield 2,"$2,976.95 ",0,1
2008,Crysis,"$2,976.95 ",0,1
2008,Street Fighter III: 3rd Strike,"$2,890.00 ",5,2
2008,QuakeWorld,"$2,775.07 ",0,1
2008,Marvel vs. Capcom 2,"$2,610.00 ",10,4
2008,Day of Defeat: Source,"$2,285.82 ",12,1
2008,Pro Evolution Soccer 2008,"$2,084.15 ",6,3
2008,Super Street Fighter II Turbo,"$1,770.00 ",6,2
2008,Tekken 5: Dark Resurrection,"$1,720.00 ",6,2
2008,Unreal Tournament 2003,"$1,700.00 ",1,1
2008,Capcom vs. SNK 2,"$1,450.00 ",6,2
2008,Supreme Commander: Forged Alliance,"$1,290.01 ",0,1
2008,Guilty Gear XX Accent Core,$80.00 ,3,1
2007,Counter-Strike,"$1,636,886.38 ",904,108
2007,StarCraft: Brood War,"$1,049,963.19 ",128,37
2007,Counter-Strike: Source,"$840,896.60 ",413,45
2007,WarCraft III,"$810,507.08 ",113,102
2007,Halo 2,"$673,462.47 ",65,14
2007,Dead or Alive 4,"$254,986.85 ",30,6
2007,Project Gotham Racing 3,"$224,986.85 ",27,5
2007,World of WarCraft,"$213,500.00 ",21,7
2007,FIFA 07,"$211,012.23 ",38,11
2007,Rainbow Six: Vegas,"$176,400.77 ",137,7
2007,Gears of War,"$170,900.77 ",33,7
2007,Quake 4,"$146,558.81 ",30,10
2007,Halo 3,"$100,000.00 ",16,1
2007,Madden NFL 2007,"$100,000.00 ",1,1
2007,Madden NFL 2008,"$100,000.00 ",1,1
2007,Super Smash Bros. Melee,"$74,733.31 ",115,65
2007,Rise of Nations: Rise of Legends,"$69,600.00 ",8,1
2007,World in Conflict,"$65,227.50 ",19,4
2007,F.E.A.R.,"$60,000.00 ",20,3
2007,Enemy Territory: Quake Wars,"$56,273.00 ",26,2
2007,Need for Speed Carbon,"$36,322.58 ",12,3
2007,Defense of the Ancients,"$35,076.49 ",31,6
2007,Call of Duty 2,"$29,089.98 ",25,6
2007,Command & Conquer 3,"$24,901.26 ",5,3
2007,Shadowrun,"$24,000.00 ",0,3
2007,TrackMania Nations,"$21,381.66 ",9,5
2007,Age of Empires II,"$21,077.90 ",40,5
2007,Pro Evolution Soccer 6,"$20,216.82 ",5,2
2007,Age of Empires III,"$20,000.00 ",3,1
2007,Carom 3D,"$20,000.00 ",3,1
2007,Wolfenstein: Enemy Territory,"$19,156.88 ",58,3
2007,Battlefield 2142,"$18,546.14 ",0,3
2007,Capcom vs. SNK 2,"$10,250.00 ",8,2
2007,Guilty Gear XX Accent Core,"$10,250.00 ",23,1
2007,Marvel vs. Capcom 2,"$10,250.00 ",8,2
2007,Street Fighter III: 3rd Strike,"$10,250.00 ",11,3
2007,Super Street Fighter II Turbo,"$10,250.00 ",8,2
2007,Tekken 5: Dark Resurrection,"$10,250.00 ",8,2
2007,Virtua Fighter 5,"$10,250.00 ",8,2
2007,Team Fortress 2,"$9,182.00 ",21,2
2007,Crysis,"$8,364.00 ",0,1
2007,Battlefield 2,"$6,514.86 ",0,2
2007,Call of Duty 4: Modern Warfare,"$6,273.00 ",20,1
2007,Quake III Arena,"$5,789.26 ",17,6
2007,S.T.A.L.K.E.R.: Shadow of Chernobyl,"$4,901.26 ",0,1
2007,Supreme Commander,"$4,901.26 ",0,1
2007,FIFA 08,"$3,136.50 ",4,3
2007,Live for Speed,"$2,008.27 ",5,1
2007,Trackmania United,"$1,027.50 ",3,1
2007,Day of Defeat: Source,$996.07 ,0,1
2007,Super Smash Bros.,$940.00 ,11,4
2006,Counter-Strike,"$2,138,622.70 ",967,122
2006,StarCraft: Brood War,"$809,030.24 ",142,41
2006,Halo 2,"$618,050.00 ",54,19
2006,WarCraft III,"$517,579.95 ",89,64
2006,Quake 4,"$358,339.00 ",73,35
2006,Counter-Strike: Source,"$177,710.53 ",254,27
2006,Super Smash Bros. Melee,"$144,584.00 ",44,22
2006,Madden NFL 2006,"$100,000.00 ",1,1
2006,FIFA 06,"$85,769.99 ",17,10
2006,Quake III Arena,"$83,813.76 ",46,6
2006,Battlefield 2,"$79,074.59 ",0,8
2006,Project Gotham Racing 3,"$72,300.00 ",8,4
2006,TrackMania Nations,"$72,000.00 ",11,2
2006,Dead or Alive 4,"$53,050.00 ",13,4
2006,"Warhammer 40,000: Dawn of War","$43,000.00 ",3,1
2006,Wolfenstein: Enemy Territory,"$36,350.20 ",54,4
2006,Need for Speed: Most Wanted,"$35,000.00 ",14,6
2006,Gran Turismo 4,"$32,000.00 ",4,1
2006,Pro Evolution Soccer 5,"$32,000.00 ",4,1
2006,Call of Duty 2,"$31,249.28 ",0,8
2006,FIFA 07,"$27,300.00 ",5,3
2006,Age of Empires II,"$25,332.54 ",50,5
2006,Ghost Recon Advanced Warfighter,"$24,000.00 ",0,2
2006,Forza Motorsport 2,"$15,000.00 ",2,1
2006,Day of Defeat,"$10,300.00 ",1,1
2006,Capcom vs. SNK 2,"$10,250.00 ",8,1
2006,Guilty Gear XX Slash,"$10,250.00 ",6,1
2006,Hyper Street Fighter II,"$10,250.00 ",8,1
2006,Marvel vs. Capcom 2,"$10,250.00 ",8,1
2006,Street Fighter III: 3rd Strike,"$10,250.00 ",8,1
2006,Tekken 5,"$10,250.00 ",8,1
2006,Live for Speed,"$1,895.48 ",6,2
2006,Defense of the Ancients,$738.83 ,5,1
2006,Age of Empires,$289.25 ,19,2
2005,Counter-Strike,"$1,354,441.43 ",777,98
2005,Painkiller,"$960,000.00 ",42,10
2005,StarCraft: Brood War,"$592,759.49 ",88,28
2005,WarCraft III,"$438,648.01 ",93,41
2005,Halo 2,"$197,850.00 ",65,38
2005,Counter-Strike: Source,"$150,546.22 ",103,12
2005,FIFA 05,"$57,728.01 ",5,7
2005,Quake III Arena,"$56,673.87 ",24,9
2005,Quake 4,"$51,780.70 ",42,7
2005,Doom 3,"$50,000.00 ",3,1
2005,Wolfenstein: Enemy Territory,"$50,000.00 ",19,1
2005,Age of Empires II,"$40,816.91 ",50,13
2005,Pro Evolution Soccer 4,"$40,550.64 ",11,2
2005,Super Smash Bros. Melee,"$36,072.46 ",48,30
2005,Need for Speed: Underground 2,"$35,629.48 ",8,3
2005,"Warhammer 40,000: Dawn of War","$35,000.00 ",3,1
2005,Day of Defeat,"$30,000.00 ",23,1
2005,Dead or Alive Ultimate,"$30,000.00 ",3,1
2005,Unreal Tournament 2004,"$27,456.92 ",14,7
2005,FIFA 06,"$26,694.54 ",6,2
2005,Quake II,"$20,000.00 ",3,1
2005,Gran Turismo 4,"$12,000.00 ",4,1
2005,Halo: Combat Evolved,"$3,675.00 ",11,3
2005,Battlefield 2,"$3,148.82 ",0,1
2005,Live for Speed,"$2,823.77 ",7,2
2005,Defense of the Ancients,"$1,736.36 ",0,2
2005,Need for Speed: Most Wanted,$694.54 ,4,1
2005,Call of Duty,$629.77 ,0,2
2005,Capcom vs. SNK 2,$0.00 ,3,1
2005,Guilty Gear XX #Reload,$0.00 ,3,1
2005,Marvel vs. Capcom 2,$0.00 ,3,1
2005,Project Gotham Racing 2,$0.00 ,3,1
2005,Street Fighter III: 3rd Strike,$0.00 ,3,1
2005,Super Street Fighter II Turbo,$0.00 ,3,1
2005,Tekken 5,$0.00 ,3,8
2005,Tekken Tag Tournament,$0.00 ,3,1
2004,Counter-Strike,"$902,651.67 ",707,92
2004,StarCraft: Brood War,"$498,433.15 ",77,16
2004,WarCraft III,"$353,388.90 ",111,72
2004,Doom 3,"$207,748.16 ",13,3
2004,Halo: Combat Evolved,"$183,456.00 ",59,22
2004,Counter-Strike: Condition Zero,"$162,150.60 ",111,3
2004,Quake III Arena,"$111,500.00 ",35,4
2004,Unreal Tournament 2004,"$106,512.41 ",30,4
2004,Painkiller,"$55,000.00 ",18,3
2004,Call of Duty,"$50,000.00 ",51,1
2004,Age of Empires II,"$45,565.20 ",110,15
2004,FIFA 04,"$40,000.00 ",3,2
2004,Need for Speed: Underground,"$35,000.00 ",3,1
2004,Project Gotham Racing 2,"$35,000.00 ",3,1
2004,Pro Evolution Soccer 3,"$25,000.00 ",8,1
2004,Super Smash Bros. Melee,"$10,644.50 ",17,10
2004,Day of Defeat,"$10,000.00 ",18,1
2004,Age of Mythology,"$3,000.00 ",8,1
2004,Soul Calibur II,"$2,700.00 ",3,2
2004,Gran Turismo 3: A-Spec,"$1,750.00 ",3,1
2004,Capcom vs. SNK 2,$0.00 ,3,1
2004,FIFA 05,$0.00 ,0,1
2004,Guilty Gear XX,$0.00 ,3,1
2004,Live for Speed,$0.00 ,1,2
2004,Marvel vs. Capcom 2,$0.00 ,3,1
2004,Street Fighter III: 3rd Strike,$0.00 ,3,1
2004,Super Street Fighter II Turbo,$0.00 ,3,1
2004,Tekken 4,$0.00 ,3,1
2004,Tekken Tag Tournament,$0.00 ,3,1
2004,Virtua Fighter 4: Evolution,$0.00 ,3,1
2003,Counter-Strike,"$821,957.99 ",503,63
2003,StarCraft: Brood War,"$276,838.39 ",81,16
2003,WarCraft III,"$191,632.33 ",60,29
2003,Unreal Tournament 2003,"$111,773.91 ",17,8
2003,Halo: Combat Evolved,"$107,150.00 ",70,12
2003,Quake III Arena,"$95,463.46 ",26,6
2003,FIFA 03,"$54,066.44 ",10,3
2003,Age of Mythology,"$49,000.00 ",8,3
2003,Age of Empires II,"$27,697.02 ",45,21
2003,Super Smash Bros. Melee,"$15,550.00 ",8,4
2003,Tekken 4,"$12,500.00 ",3,3
2003,NASCAR Thunder 2003,"$5,933.50 ",0,1
2003,Live for Speed,"$2,491.62 ",5,1
2003,Gran Turismo 3: A-Spec,"$1,500.00 ",3,1
2003,Madden NFL 2004,"$1,500.00 ",3,1
2003,Soul Calibur II,"$1,500.00 ",6,3
2003,Day of Defeat,$880.41 ,6,1
2003,Age of Empires,$625.00 ,4,1
2003,Capcom vs. SNK 2,$0.00 ,3,2
2003,FIFA 04,$0.00 ,0,1
2003,Guilty Gear XX,$0.00 ,3,1
2003,Marvel vs. Capcom 2,$0.00 ,3,2
2003,Street Fighter III: 3rd Strike,$0.00 ,3,1
2003,Super Street Fighter II Turbo,$0.00 ,3,1
2003,Tekken Tag Tournament,$0.00 ,3,2
2003,Virtua Fighter 4: Evolution,$0.00 ,3,2
2002,Counter-Strike,"$400,994.88 ",351,14
2002,StarCraft: Brood War,"$132,944.26 ",36,10
2002,Quake III Arena,"$102,206.40 ",24,4
2002,Age of Empires II,"$92,866.00 ",37,28
2002,Return to Castle Wolfenstein,"$67,424.30 ",30,2
2002,FIFA 2002 World Cup,"$43,000.00 ",8,1
2002,Unreal Tournament,"$43,000.00 ",8,2
2002,Unreal Tournament 2003,"$34,000.00 ",18,5
2002,WarCraft III,"$31,285.25 ",12,4
2002,NASCAR Thunder 2002,"$7,679.25 ",0,1
2002,Star Wars Jedi Knight II: Jedi Outcast,"$7,679.25 ",0,1
2002,Halo: Combat Evolved,"$5,000.00 ",21,2
2002,Age of Empires,$100.00 ,3,1
2002,Super Smash Bros. Melee,$40.00 ,4,2
2002,Capcom vs. SNK 2,$0.00 ,3,1
2002,Marvel vs. Capcom 2,$0.00 ,3,1
2002,Super Street Fighter II Turbo,$0.00 ,3,1
2001,Counter-Strike,"$346,592.44 ",222,13
2001,Age of Empires II,"$160,541.29 ",48,17
2001,Quake III Arena,"$147,736.74 ",48,14
2001,StarCraft: Brood War,"$91,893.99 ",50,9
2001,FIFA 2001,"$46,000.00 ",9,2
2001,Unreal Tournament,"$46,000.00 ",9,2
2001,Aliens versus Predator 2,"$40,000.00 ",1,1
2001,QuakeWorld,"$15,000.00 ",8,1
2001,Capcom vs. SNK,$0.00 ,3,1
2001,Marvel vs. Capcom 2,$0.00 ,3,1
2001,Street Fighter Alpha 3,$0.00 ,3,1
2001,Super Street Fighter II Turbo,$0.00 ,3,1
2000,Quake III Arena,"$415,237.82 ",97,28
2000,StarCraft: Brood War,"$133,038.04 ",47,10
2000,Age of Empires II,"$113,768.30 ",37,16
2000,FIFA 2000,"$50,000.00 ",4,1
2000,Counter-Strike,"$23,763.33 ",62,2
2000,Age of Empires,"$9,500.00 ",4,1
2000,Doom II: Hell on Earth,$0.00 ,3,1
2000,Marvel vs. Capcom 2,$0.00 ,3,1
2000,Street Fighter Alpha 2,$0.00 ,3,1
2000,Street Fighter Alpha 3,$0.00 ,3,1
2000,Street Fighter III: 3rd Strike,$0.00 ,3,1
2000,Super Street Fighter II Turbo,$0.00 ,3,1
1999,StarCraft: Brood War,"$139,553.84 ",40,11
1999,Descent 3,"$50,000.00 ",1,1
1999,Quake III Arena,"$43,200.00 ",15,2
1999,Quake II,"$42,400.00 ",12,2
1998,Quake II,"$66,200.00 ",16,4
1998,QuakeWorld,"$43,500.00 ",12,3
1998,StarCraft: Brood War,"$20,000.00 ",8,1
1998,Age of Empires,"$2,000.00 ",1,1